spearman,spearman_pvalue,kendall,kendall_pvalue,ic,mse,mae,sharpe_ratio,total_return,mean_daily_return,volatility,max_drawdown,win_rate,num_days,model
0.04178942933306304,0.0007931300880646418,0.02873366838650914,0.00054327732870961,0.04178942933306304,0.00048300636,0.013437348,0.21988559971441698,0.036102295,0.0002130134,0.015378373,-0.4262527168685957,0.48548812664907653,379,Combined Ranker (MSE)
-0.008944871616666353,0.47284072141227196,-0.006303186701779119,0.44804970684878465,-0.008944871616666353,0.011864336,0.08936405,-1.3321708722172478,-0.39309573,-0.0012117275,0.014439272,-0.4185158237863007,0.48812664907651715,379,Combined Ranker (NDCG)
0.04265133008214593,0.000616059402022119,0.028037091613038967,0.0007391544448425535,0.04265133008214593,0.00048265676,0.01346966,1.5803175689685214,0.6192465,0.0013647653,0.0137092555,-0.19886879967492738,0.5408970976253298,379,Late Fusion Ranker (MSE)
0.022344642782487663,0.0729022149927377,0.015089830269443405,0.06933093178684221,0.022344642782487663,0.25673848,0.49537373,0.2082272575814741,0.033426046,0.00018572003,0.014158636,-0.2414730298327513,0.49868073878627966,379,Late Fusion Ranker (NDCG)
