{
  "num_members": 5,
  "seeds": [
    42,
    43,
    44,
    45,
    46
  ],
  "base_model": "DeepLateFusionNet",
  "val_losses": [
    0.00028797920657574165,
    0.0002886488038122197,
    0.00029140828182141023,
    0.0002879997444458863,
    0.00028858178404689614
  ],
  "avg_val_loss": 0.00028892356414043083
}